<Ui xmlns="http://www.blizzard.com/wow/ui/" xmlns:xsi="http://www.w3.org/2001/XMLSchema-instance" xsi:schemaLocation="http://www.blizzard.com/wow/ui/FrameXML/UI.xsd">
	<!--
	<Include file="file\somefile.xml" />
	<Include file="file\somefile.lua" />
	-->
	<Script file="Object.lua"/>
	<Script file="Database.lua"/>
	<Script file="Console.lua"/>
	<Script file="Terminal.lua"/>
	<Script file="EventManager.lua"/>
	<Script file="Localizer.lua"/>
	<Script file="Table.lua"/>
	<Script file="TableSet.lua"/>
</Ui>
